Wavelengths,Int1,Int2
5000.0,274357.49425632914,80314.72453326624
5001.0,274399.89922976744,80327.13805880079
5002.0,274442.24010154547,80339.5328193761
5003.0,274484.51689395594,80351.90882151811
5004.0,274526.72962932184,80364.26607176162
5005.0,274568.8783299973,80376.6045766505
5006.0,274610.96301836596,80388.92434273731
5007.0,274652.98371684126,80401.22537658326
5008.0,274694.9404478679,80413.50768475879
5009.0,274736.83323391847,80425.77127384245
5010.0,274778.66209749726,80438.0161504221
5011.0,274820.4270611375,80450.24232109405
5012.0,274862.1281474024,80462.4497924634
5013.0,274903.7653788842,80474.63857114378
5014.0,274945.3387782059,80486.80866375774
5015.0,274986.8483680187,80498.96007693614
5016.0,275028.29417100374,80511.09281731864
5017.0,275069.67620987166,80523.20689155348
5018.0,275110.9945073623,80535.30230629742
5019.0,275152.24908624456,80547.37906821586
5020.0,275193.4399693169,80559.43718398265
5021.0,275234.567179406,80571.47666028011
5022.0,275275.63073936827,80583.49750379912
5023.0,275316.6306720888,80595.49972123903
5024.0,275357.56700048124,80607.48331930752
5025.0,275398.43974748906,80619.44830472098
5026.0,275439.2489360823,80631.3946842036
5027.0,275479.9945892623,80643.32246448877
5028.0,275520.6767300562,80655.23165231738
5029.0,275561.2953815227,80667.12225443957
5030.0,275601.8505667456,80678.99427761287
5031.0,275642.3423088403,80690.84772860397
5032.0,275682.77063094766,80702.68261418708
5033.0,275723.1355562385,80714.49894114518
5034.0,275763.4371079108,80726.29671626921
5035.0,275803.6753091912,80738.07594635844
5036.0,275843.85018333467,80749.83663822047
5037.0,275883.96175362286,80761.57879867074
5038.0,275924.01004336635,80773.30243453315
5039.0,275963.99507590296,80785.00755263948
5040.0,276003.9168745987,80796.69415982989
5041.0,276043.775462846,80808.36226295221
5042.0,276083.5708640669,80820.01186886297
5043.0,276123.30310170876,80831.64298442607
5044.0,276162.97219924827,80843.25561651403
5045.0,276202.578180188,80854.8497720069
5046.0,276242.1210680587,80866.42545779304
5047.0,276281.6008864181,80877.98268076868
5048.0,276321.01765885035,80889.52144783777
5049.0,276360.3714089683,80901.04176591271
5050.0,276399.66216040996,80912.54364191319
5051.0,276438.889936842,80924.02708276737
5052.0,276478.05476195645,80935.49209541077
5053.0,276517.1566594733,80946.93868678714
5054.0,276556.19565313833,80958.36686384772
5055.0,276595.17176672467,80969.77663355185
5056.0,276634.08502403175,80981.16800286647
5057.0,276672.9354488859,80992.54097876648
5058.0,276711.72306513874,81003.8955682341
5059.0,276750.4478966701,81015.23177825988
5060.0,276789.1099673842,81026.54961584148
5061.0,276827.70930121356,81037.84908798487
5062.0,276866.24592211464,81049.13020170295
5063.0,276904.7198540719,81060.3929640169
5064.0,276943.1311210946,81071.63738195511
5065.0,276981.47974721843,81082.86346255377
5066.0,277019.76575650583,81094.07121285683
5067.0,277057.98917304305,81105.26063991521
5068.0,277096.1500209444,81116.43175078815
5069.0,277134.24832434795,81127.58455254168
5070.0,277172.28410741925,81138.71905225002
5071.0,277210.2573943472,81149.83525699416
5072.0,277248.1682093482,81160.93317386313
5073.0,277286.01657666336,81172.01280995323
5074.0,277323.8025205588,81183.07417236805
5075.0,277361.52606532583,81194.11726821857
5076.0,277399.18723528244,81205.14210462359
5077.0,277436.78605476936,81216.14868870856
5078.0,277474.32254815515,81227.13702760714
5079.0,277511.79673982953,81238.1071284594
5080.0,277549.2086542055,81249.05899841331
5081.0,277586.55831570545,81259.99264462419
5082.0,277623.84574871144,81270.90807425407
5083.0,277661.07097738195,81281.80529447288
5084.0,277698.2340249572,81292.68431245725
5085.0,277735.33491131297,81303.54513539144
5086.0,277772.37364465237,81314.38777046646
5087.0,277809.35019459337,81325.21222488095
5088.0,277846.2644088102,81336.01850584031
5089.0,277883.1157665,81346.80662055741
5090.0,277919.90268243325,81357.57657625184
5091.0,277956.620633169,81368.32838015072
5092.0,277993.2573491853,81379.06203948778
5093.0,278029.7810700235,81389.7775615044
5094.0,278066.11326104746,81400.47495344833
5095.0,278102.0684303979,81411.15422257465
5096.0,278137.22829154343,81421.81537614575
5097.0,278170.6929219979,81432.45842143026
5098.0,278200.6167461056,81443.08336570454
5099.0,278223.39584651566,81453.69021625126
5100.0,278232.3385053718,81464.2789803605
5101.0,278215.6505729454,81474.84966532882
5102.0,278153.6446517742,81485.40227846004
5103.0,278015.28880052484,81495.93682706445
5104.0,277754.5841635468,81506.45331845967
5105.0,277307.78750445915,81516.95175996954
5106.0,276593.0645914071,81527.43215892531
5107.0,275514.543719299,81537.89452266447
5108.0,273972.611788391,81548.33885853186
5109.0,271881.3468077729,81558.76517387845
5110.0,269192.08837651554,81569.17347606237
5111.0,265919.56699671625,81579.56377244838
5112.0,262164.46644526086,81589.93607040762
5113.0,258124.84986479554,81600.29037731848
5114.0,254089.58582206754,81610.62670056542
5115.0,250410.26843085545,81620.94504754002
5116.0,247453.65893943948,81631.2454256399
5117.0,245542.84786030438,81641.5278422701
5118.0,244899.97926743646,81651.79230484132
5119.0,245604.53612370096,81662.03882077149
5120.0,247578.01128733016,81672.26739748477
5121.0,250599.04955504186,81682.47804241195
5122.0,254345.0248829282,81692.67076299009
5123.0,258449.2610002227,81702.84556666332
5124.0,262559.90289428656,81713.00246088149
5125.0,266387.5777693177,81723.14145310137
5126.0,269733.6101159459,81733.26255078612
5127.0,272496.7246430218,81743.3657614052
5128.0,274661.71392362315,81753.45109243446
5129.0,276276.92177285283,81763.51855135601
5130.0,277428.11489379033,81773.56814565878
5131.0,278214.8822792055,81783.59988283747
5132.0,278733.15860357846,81793.61377039342
5133.0,279064.8846228347,81803.6098158341
5134.0,279273.91968798736,81813.5880266735
5135.0,279406.367077747,81823.5484104316
5136.0,279493.341706492,81833.49097463483
5137.0,279554.5909674409,81843.4157268156
5138.0,279601.9491123116,81853.32267451289
5139.0,279642.13287539943,81863.21182527138
5140.0,279678.76083351555,81873.08318664256
5141.0,279713.68667214713,81882.93676618347
5142.0,279747.81456912716,81892.77257145764
5143.0,279781.56494122243,81902.59061003463
5144.0,279815.1243077701,81912.39088948983
5145.0,279848.5716904711,81922.17341740527
5146.0,279881.9390861026,81931.93820136844
5147.0,279915.2388901308,81941.68524897346
5148.0,279948.4757057729,81951.41456781999
5149.0,279981.6511796607,81961.12616551387
5150.0,280014.7658870337,81970.82004966693
5151.0,280047.8200321343,81980.49622789703
5152.0,280080.8136963906,81990.15470782787
5153.0,280113.746922355,81999.7954970893
5154.0,280146.6197408141,82009.41860331674
5155.0,280179.4321791573,82019.0240341517
5156.0,280212.184263846,82028.6117972418
5157.0,280244.876021108,82038.18190024012
5158.0,280277.5074771277,82047.7343508058
5159.0,280310.0786580934,82057.26915660378
5160.0,280342.58959020965,82066.78632530481
5161.0,280375.0402996996,82076.28586458531
5162.0,280407.43081280676,82085.76778212779
5163.0,280439.76115579344,82095.23208562013
5164.0,280472.0313549423,82104.67878275628
5165.0,280504.24143655476,82114.10788123566
5166.0,280536.39142695226,82123.51938876354
5167.0,280568.4813524755,82132.91331305081
5168.0,280600.5112394844,82142.28966181405
5169.0,280632.481114359,82151.64844277562
5170.0,280664.3910034969,82160.98966366316
5171.0,280696.2409333169,82170.31333221038
5172.0,280728.03093025525,82179.61945615623
5173.0,280759.76102076826,82188.9080432454
5174.0,280791.43123133085,82198.17910122813
5175.0,280823.0415884372,82207.43263786026
5176.0,280854.5921185996,82216.66866090288
5177.0,280886.08284835046,82225.88717812308
5178.0,280917.51380423916,82235.08819729283
5179.0,280948.88501283614,82244.2717261903
5180.0,280980.1965007279,82253.43777259838
5181.0,281011.44829452166,82262.58634430596
5182.0,281042.6404208421,82271.71744910709
5183.0,281073.7729063325,82280.83109480128
5184.0,281104.8457776551,82289.92728919354
5185.0,281135.8590614888,82299.00604009382
5186.0,281166.8127845336,82308.06735531818
5187.0,281197.70697350526,82317.11124268733
5188.0,281228.5416551389,82326.13771002764
5189.0,281259.3168561871,82335.14676517063
5190.0,281290.0326034218,82344.13841595339
5191.0,281320.68892363063,82353.11267021771
5192.0,281351.28584362165,82362.06953581129
5193.0,281381.82339021924,82371.00902058664
5194.0,281412.30159026646,82379.93113240172
5195.0,281442.72047062323,82388.83587911945
5196.0,281473.0800581685,82397.72326860832
5197.0,281503.38037979684,82406.59330874133
5198.0,281533.62146242266,82415.44600739739
5199.0,281563.80333297694,82424.28137246017
5200.0,281593.9260184075,82433.09941181832
5201.0,281623.98954568064,82441.9001333659
5202.0,281653.993941779,82450.68354500174
5203.0,281683.9392337041,82459.44965463018
5204.0,281713.825448473,82468.19847016007
5205.0,281743.65261312044,82476.92999950564
5206.0,281773.42075469886,82485.64425058603
5207.0,281803.1299002777,82494.34123132552
5208.0,281832.7800769425,82503.02094965309
5209.0,281862.37131179724,82511.68341350301
5210.0,281891.9036319609,82520.32863081413
5211.0,281921.37706457154,82528.95660953068
5212.0,281950.791636782,82537.56735760137
5213.0,281980.1473757631,82546.1608829801
5214.0,282009.44430870225,82554.73719362565
5215.0,282038.68246280216,82563.29629750128
5216.0,282067.8618652846,82571.8382025758
5217.0,282096.9825433849,82580.36291682204
5218.0,282126.0445243576,82588.8704482184
5219.0,282155.04783547175,82597.36080474757
5220.0,282183.99250401347,82605.83399439721
5221.0,282212.8785572849,82614.29002515969
5222.0,282241.70602260483,82622.72890503223
5223.0,282270.4749273075,82631.1506420166
5224.0,282299.1852987449,82639.55524411975
5225.0,282327.8371642822,82647.94271935249
5226.0,282356.4305513038,82656.31307573123
5227.0,282384.9654872073,82664.6663212761
5228.0,282413.44199940836,82673.00246401202
5229.0,282441.86011533736,82681.32151196574
5230.0,282470.2198624402,82689.62347315806
5231.0,282498.52126817993,82697.90835557187
5232.0,282526.764360033,82706.17616702514
5233.0,282554.949165494,82714.42691470648
5234.0,282583.0757120711,82722.66060352146
5235.0,282611.14402728935,82730.87723049292
5236.0,282639.15413868794,82739.07676660827
5237.0,282667.10607382254,82747.25910060803
5238.0,282694.99986026407,82755.42387273717
5239.0,282722.8355255979,82763.57000545909
5240.0,282750.6130974255,82771.69443999027
5241.0,282778.3326033636,82779.78889456234
5242.0,282805.99407104286,82787.83194570061
5243.0,282833.5975281104,82795.77063387542
5244.0,282861.14300222753,82803.4798899055
5245.0,282888.6305210708,82810.67770304487
5246.0,282916.06011233205,82816.75737546766
5247.0,282943.43180371687,82820.4747411625
5248.0,282970.7456229468,82819.40038515753
5249.0,282998.00159775757,82809.0235952733
5250.0,283025.19975589967,82781.3946045057
5251.0,283052.3401251383,82723.24388115773
5252.0,283079.42273325316,82613.65658253804
5253.0,283106.4476080385,82421.63216185138
5254.0,283133.41477730306,82104.21395536447
5255.0,283160.3242688699,81606.2575575004
5256.0,283187.17611057684,80863.16486981722
5257.0,283213.9703302754,79807.82485257451
5258.0,283240.7069558319,78382.36241016761
5259.0,283267.3860151269,76554.02141692278
5260.0,283294.00753605424,74332.76895044862
5261.0,283320.5715465235,71786.49234170048
5262.0,283347.0780744561,69048.68900458574
5263.0,283373.5271477895,66314.0258110179
5264.0,283399.9187944738,63819.40854335759
5265.0,283426.2530424744,61811.93082590261
5266.0,283452.52991976833,60509.229801474474
5267.0,283478.7494543485,60060.90220701729
5268.0,283504.91167422035,60520.4118488474
5269.0,283531.0166074036,61834.77852670294
5270.0,283557.0642819314,63854.7964577489
5271.0,283583.05472585064,66363.05868067061
5272.0,283608.9879672209,69112.51367804149
5273.0,283634.86403411644,71866.12635885102
5274.0,283660.68295462406,74428.97994836354
5275.0,283686.4447568448,76667.27353655334
5276.0,283712.149468892,78512.82663019936
5277.0,283737.7971188926,79955.43577921875
5278.0,283763.3877349876,81027.70020021097
5279.0,283788.9213453294,81787.41801864163
5280.0,283814.3979780853,82301.68831726915
5281.0,283839.81766143476,82635.1403927315
5282.0,283865.18042357045,82842.97143473812
5283.0,283890.48629269784,82968.19564448332
5284.0,283915.7352970353,83041.86531207402
5285.0,283940.92746481416,83084.9363930063
5286.0,283966.0628242787,83110.70814428954
5287.0,283991.1414036857,83127.15019889316
5288.0,284016.1632313044,83138.78565854125
5289.0,284041.1283354181,83148.05119480235
5290.0,284066.0367443203,83156.19498425857
5291.0,284090.88848631905,83163.82582500436
5292.0,284115.68358973385,83171.2267748328
5293.0,284140.42208289757,83178.52340343816
5294.0,284165.1039941538,83185.76890302883
5295.0,284189.72935186076,83192.98480548675
5296.0,284214.29818438686,83200.17944628488
5297.0,284238.8105201144,83207.35591503159
5298.0,284263.26638743625,83214.51531098218
5299.0,284287.665814759,83221.65801215949
5300.0,284312.00883050036,83228.78414684272
5301.0,284336.2954630902,83235.89376063315
5302.0,284360.5257409705,83242.9868729547
5303.0,284384.69969259534,83250.06349530262
5304.0,284408.8173464308,83257.12363687535
5305.0,284432.8787309542,83264.16730623611
5306.0,284456.8838746549,83271.19451178174
5307.0,284480.8328060342,83278.20526186939
5308.0,284504.7255536052,83285.19956484906
5309.0,284528.56214589195,83292.17742907151
5310.0,284552.3426114311,83299.13886289067
5311.0,284576.0669787695,83306.08387466327
5312.0,284599.7352764671,83313.01247274988
5313.0,284623.3475330937,83319.92466551397
5314.0,284646.90377723245,83326.8204613229
5315.0,284670.4040374754,83333.69986854665
5316.0,284693.84834242787,83340.56289555902
5317.0,284717.2367207054,83347.40955073692
5318.0,284740.5692009351,83354.23984246049
5319.0,284763.8458117555,83361.0537791134
5320.0,284787.06658181536,83367.85136908214
5321.0,284810.23153977544,83374.63262075683
5322.0,284833.34071430686,83381.39754253055
5323.0,284856.39413409197,83388.14614279974
5324.0,284879.39182782377,83394.8784299639
5325.0,284902.3338242071,83401.59441242598
5326.0,284925.2201519553,83408.29409859153
5327.0,284948.05083979596,83414.97749687008
5328.0,284970.82591646345,83421.64461567336
5329.0,284993.54541070655,83428.29546341715
5330.0,285016.2093512811,83434.93004851941
5331.0,285038.8177669569,83441.54837940211
5332.0,285061.37068651174,83448.15046448959
5333.0,285083.86813873466,83454.73631220948
5334.0,285106.31015242613,83461.30593099276
5335.0,285128.696756395,83467.85932927288
5336.0,285151.02797946235,83474.39651548682
5337.0,285173.3038504582,83480.91749807421
5338.0,285195.524398224,83487.42228547808
5339.0,285217.68965161016,83493.91088614395
5340.0,285239.799639478,83500.38330852064
5341.0,285261.8543906985,83506.83956105978
5342.0,285283.8539341536,83513.2796522162
5343.0,285305.79829873354,83519.70359044713
5344.0,285327.68751334044,83526.11138421329
5345.0,285349.52160688455,83532.50304197786
5346.0,285371.3006082878,83538.87857220732
5347.0,285393.02454648004,83545.23798337055
5348.0,285414.6934504017,83551.58128393948
5349.0,285436.307349004,83557.90848238925
5350.0,285457.86627124576,83564.21958719712
5351.0,285479.37024609745,83570.51460684389
5352.0,285500.8193025374,83576.7935498126
5353.0,285522.2134695548,83583.05642458946
5354.0,285543.5527761471,83589.30323966312
5355.0,285564.83725132217,83595.53400352524
5356.0,285586.06692409684,83601.7487246702
5357.0,285607.24182349764,83607.9474115951
5358.0,285628.3619785594,83614.13007279954
5359.0,285649.42741832806,83620.29671678635
5360.0,285670.43817185616,83626.4473520603
5361.0,285691.39426820824,83632.58198712968
5362.0,285712.2957364557,83638.70063050475
5363.0,285733.1426056799,83644.80329069875
5364.0,285753.93490497186,83650.8899762277
5365.0,285774.6726634301,83656.9606956098
5366.0,285795.3559101635,83663.01545736636
5367.0,285815.9846742883,83669.05427002077
5368.0,285836.5589849316,83675.07714209962
5369.0,285857.0788712275,83681.08408213154
5370.0,285877.54436231946,83687.07509864794
5371.0,285897.95548735984,83693.0502001828
5372.0,285918.3122755094,83699.00939527259
5373.0,285938.6147559379,83704.95269245634
5374.0,285958.862957823,83710.88010027549
5375.0,285979.05691035127,83716.79162727401
5376.0,285999.19664271816,83722.68728199854
5377.0,286019.28218412655,83728.56707299783
5378.0,286039.3135637889,83734.43100882346
5379.0,286059.2908109249,83740.27909802916
5380.0,286079.213954763,83746.11134917119
5381.0,286099.0830245405,83751.92777080834
5382.0,286118.8980495015,83757.72837150152
5383.0,286138.65905890014,83763.5131598145
5384.0,286158.3660819965,83769.28214431278
5385.0,286178.01914806076,83775.03533356488
5386.0,286197.61828637,83780.77273614125
5387.0,286217.1635262093,83786.49436061477
5388.0,286236.65489687206,83792.2002155607
5389.0,286256.0924276595,83797.8903095566
5390.0,286275.47614788014,83803.5646511822
5391.0,286294.8060868515,83809.22324901982
5392.0,286314.0822738977,83814.86611165371
5393.0,286333.3047383512,83820.49324767059
5394.0,286352.473509552,83826.10466565938
5395.0,286371.58861684747,83831.70037421118
5396.0,286390.6500895933,83837.28038191948
5397.0,286409.6579571513,83842.84469737958
5398.0,286428.61224889307,83848.39332918967
5399.0,286447.512994195,83853.92628594927
5400.0,286466.360222443,83859.4435762608
5401.0,286485.1539630294,83864.94520872844
5402.0,286503.8942453537,83870.43119195859
5403.0,286522.5810988233,83875.90153455983
5404.0,286541.21455285273,83881.35624514298
5405.0,286559.7946368633,83886.79533232066
5406.0,286578.32138028374,83892.21880470782
5407.0,286596.7948125496,83897.62667092135
5408.0,286615.21496310434,83903.01893958045
5409.0,286633.5818613979,83908.3956193062
5410.0,286651.8955368867,83913.7567187216
5411.0,286670.1560190349,83919.10224645199
5412.0,286688.363337313,83924.43221112438
5413.0,286706.5175211991,83929.74662136818
5414.0,286724.61860017723,83935.04548581447
5415.0,286742.6666037389,83940.32881309648
5416.0,286760.6615613816,83945.59661184927
5417.0,286778.6035026106,83950.84889071011
5418.0,286796.49245693686,83956.08565831798
5419.0,286814.3284538782,83961.30692331387
5420.0,286832.1115229592,83966.51269434072
5421.0,286849.84169371094,83971.70298004338
5422.0,286867.51899567014,83976.87778906836
5423.0,286885.14345838147,83982.03713006446
5424.0,286902.7151113955,83987.18101168227
5425.0,286920.23398426815,83992.30944257393
5426.0,286937.70010656264,83997.42243139366
5427.0,286955.11350784835,84002.51998679759
5428.0,286972.4742177007,84007.60211744349
5429.0,286989.7822657008,84012.66883199089
5430.0,287007.03768143756,84017.72013910156
5431.0,287024.2404945034,84022.75604743834
5432.0,287041.39073449984,84027.77656566666
5433.0,287058.4884310319,84032.78170245305
5434.0,287075.53361371165,84037.77146646609
5435.0,287092.5263121572,84042.74586637606
5436.0,287109.46655599226,84047.70491085497
5437.0,287126.35437484714,84052.64860857671
5438.0,287143.18979835615,84057.57696821635
5439.0,287159.97285616153,84062.4899984513
5440.0,287176.70357791,84067.38770796025
5441.0,287193.38199325406,84072.27010542362
5442.0,287210.0081318525,84077.1371995236
5443.0,287226.582023369,84081.98899894393
5444.0,287243.10369747295,84086.82551236988
5445.0,287259.5731838398,84091.64674848864
5446.0,287275.9905121497,84096.45271598865
5447.0,287292.3557120896,84101.24342356042
5448.0,287308.66881334997,84106.01887989546
5449.0,287324.92984562815,84110.77909368728
5450.0,287341.13883862604,84115.52407363075
5451.0,287357.295822051,84120.25382842233
5452.0,287373.4008256165,84124.96836676025
5453.0,287389.45387903944,84129.66769734379
5454.0,287405.455012044,84134.35182887432
5455.0,287421.4042543572,84139.02077005405
5456.0,287437.30163571343,84143.67452958733
5457.0,287453.1471858505,84148.31311617958
5458.0,287468.9409345118,84152.93653853775
5459.0,287484.68291144614,84157.54480537047
5460.0,287500.3731464065,84162.13792538755
5461.0,287516.01166915096,84166.71590730028
5462.0,287531.59850944276,84171.2787598215
5463.0,287547.1336970499,84175.82649166539
5464.0,287562.6172617452,84180.35911154757
5465.0,287578.0492333051,84184.87662818476
5466.0,287593.429641513,84189.37905029564
5467.0,287608.7585161552,84193.86638659981
5468.0,287624.0358870225,84198.33864581812
5469.0,287639.2617839117,84202.7958366732
5470.0,287654.4362366226,84207.23796788864
5471.0,287669.559274961,84211.66504818965
5472.0,287684.63092873595,84216.07708630244
5473.0,287699.65122776123,84220.4740909547
5474.0,287714.62020185584,84224.8560708755
5475.0,287729.5378808419,84229.22303479492
5476.0,287744.40429454605,84233.57499144434
5477.0,287759.21947280044,84237.91194955673
5478.0,287773.98344543984,84242.23391786589
5479.0,287788.6962423046,84246.54090510713
5480.0,287803.35789323767,84250.83292001668
5481.0,287817.9684280881,84255.10997133244
5482.0,287832.5278767074,84259.37206779305
5483.0,287847.03626895143,84263.61921813848
5484.0,287861.49363468116,84267.85143111012
5485.0,287875.90000375954,84272.06871545
5486.0,287890.2554060558,84276.27107990193
5487.0,287904.55987144104,84280.45853321037
5488.0,287918.8134297914,84284.63108412111
5489.0,287933.01611098635,84288.78874138101
5490.0,287947.1679449094,84292.93151373813
5491.0,287961.2689614476,84297.05940994147
5492.0,287975.31919049216,84301.17243874137
5493.0,287989.31866193673,84305.2706088888
5494.0,288003.2674056804,84309.35392913633
5495.0,288017.1654516241,84313.42240823708
5496.0,288031.0128296736,84317.47605494561
5497.0,288044.80956973793,84321.51487801742
5498.0,288058.55570172874,84325.53888620876
5499.0,288072.2512555628,84329.54808827736
5500.0,288085.8962611581,84333.54249298139
5501.0,288099.4907484384,84337.52210908062
5502.0,288113.03474732814,84341.48694533508
5503.0,288126.5282877579,84345.43701050655
5504.0,288139.97139965923,84349.37231335715
5505.0,288153.3641129683,84353.29286265027
5506.0,288166.7064576237,84357.19866715008
5507.0,288179.99846356764,84361.0897356218
5508.0,288193.2401607449,84364.96607683142
5509.0,288206.4315791041,84368.82769954592
5510.0,288219.57274859614,84372.67461253316
5511.0,288232.66369917576,84376.50682456195
5512.0,288245.70446079975,84380.32434440179
5513.0,288258.6950634286,84384.12718082326
5514.0,288271.63553702534,84387.91534259763
5515.0,288284.5259115552,84391.68883849685
5516.0,288297.3662169883,84395.4476772943
5517.0,288310.1564832951,84399.19186776345
5518.0,288322.8967404507,84402.92141867917
5519.0,288335.5870184316,84406.63633881665
5520.0,288348.2273472175,84410.33663695214
5521.0,288360.81775679113,84414.02232186265
5522.0,288373.3582771372,84417.69340232587
5523.0,288385.8489382433,84421.34988712025
5524.0,288398.28977009974,84424.9917850251
5525.0,288410.6808026988,84428.61910482029
5526.0,288423.0220660359,84432.23185528662
5527.0,288435.3135901083,84435.83004520538
5528.0,288447.5554049163,84439.41368335878
5529.0,288459.747540462,84442.9827785296
5530.0,288471.8900267496,84446.53733950114
5531.0,288483.9828937866,84450.07737505778
5532.0,288496.02617158194,84453.6028939842
5533.0,288508.01989014714,84457.11390506595
5534.0,288519.96407949587,84460.61041708913
5535.0,288531.8587696433,84464.09243884032
5536.0,288543.70399060793,84467.55997910703
5537.0,288555.49977240973,84471.01304667725
5538.0,288567.24614507,84474.45165033938
5539.0,288578.94313861395,84477.87579888283
5540.0,288590.59078306623,84481.28550109704
5541.0,288602.18910845555,84484.68076577247
5542.0,288613.73814481177,84488.06160170003
5543.0,288625.2379221665,84491.42801767106
5544.0,288636.68847055355,84494.78002247761
5545.0,288648.08982000814,84498.1176249121
5546.0,288659.442000568,84501.44083376773
5547.0,288670.7450422708,84504.7496578376
5548.0,288681.9989751583,84508.04410591611
5549.0,288693.2038292723,84511.32418679759
5550.0,288704.3596346571,84514.58990927714
5551.0,288715.4664213576,84517.84128215004
5552.0,288726.52421942196,84521.0783142125
5553.0,288737.5330588981,84524.30101426068
5554.0,288748.4929698362,84527.50939109139
5555.0,288759.4039822882,84530.70345350196
5556.0,288770.2661263067,84533.88321028992
5557.0,288781.0794319473,84537.04867025364
5558.0,288791.84392926464,84540.19984219127
5559.0,288802.55964831635,84543.33673490182
5560.0,288813.2266191609,84546.4593571845
5561.0,288823.8448718587,84549.56771783912
5562.0,288834.4144364694,84552.66182566527
5563.0,288844.9353430567,84555.74168946374
5564.0,288855.40762168256,84558.80731803481
5565.0,288865.8313024128,84561.85872017985
5566.0,288876.2064153115,84564.89590469988
5567.0,288886.5329904444,84567.91888039683
5568.0,288896.8110578699,84570.92765607245
5569.0,288907.04064761975,84573.92224052903
5570.0,288917.22178960964,84576.9026425692
5571.0,288927.35451329476,84579.86887099557
5572.0,288937.43884640146,84582.82093461149
5573.0,288947.474810419,84585.75884222017
5574.0,288957.4624053273,84588.6826026251
5575.0,288967.401560102,84591.59222463016
5576.0,288977.2919794484,84594.48771703946
5577.0,288987.13269054994,84597.36908865714
5578.0,288996.9207637301,84600.23634828783
5579.0,289006.64786832634,84603.08950473594
5580.0,289016.2914366234,84605.92856680657
5581.0,289025.79308135883,84608.7535433047
5582.0,289035.0084659845,84611.56444303556
5583.0,289043.59673961106,84614.36127480443
5584.0,289050.78938606736,84617.14404741696
5585.0,289054.93319085444,84619.91276967862
5586.0,289052.63813214196,84622.6674503954
5587.0,289037.2852179351,84625.40809837323
5588.0,288996.5859174399,84628.13472241796
5589.0,288908.88451749965,84630.84733133604
5590.0,288738.03710845666,84633.54593393343
5591.0,288427.0806467983,84636.23053901663
5592.0,287891.5915752088,84638.90115539191
5593.0,287014.5995913594,84641.55779186591
5594.0,285645.967094271,84644.20045724505
5595.0,283609.8462657492,84646.82916033598
5596.0,280723.59007939947,84649.44390994524
5597.0,276829.7500103701,84652.04471487962
5598.0,271839.3192711805,84654.63158394558
5599.0,265779.6463177956,84657.20452595013
5600.0,258835.77592710796,84659.76354969975
5601.0,251371.33546081497,84662.30866400104
5602.0,243916.3890290395,84664.83987766104
5603.0,237115.85116350147,84667.35719948608
5604.0,231642.20509933413,84669.86063828302
5605.0,228087.58614334324,84672.35020285829
5606.0,226858.79214310515,84674.82590201857
5607.0,228100.88673046333,84677.2877445701
5608.0,231669.22168070587,84679.73573931948
5609.0,237157.33497778722,84682.16989507306
5610.0,243973.2890639037,84684.59022063714
5611.0,251444.6369206418,84686.99672481754
5612.0,258926.3530073962,84689.38941642069
5613.0,265888.1586272201,84691.7683042522
5614.0,271966.1657980854,84694.13339711826
5615.0,276975.0779947262,84696.48470382435
5616.0,280887.34378561587,84698.8222331759
5617.0,283791.8352308626,84701.14599397857
5618.0,285845.93478617346,84703.45599503734
5619.0,287232.2792488252,84705.75224515762
5620.0,288126.7432751535,84708.03475314392
5621.0,288679.50984613644,84710.30352780137
5622.0,289007.59872830554,84712.55857793413
5623.0,289195.47796772484,84714.79991234675
5624.0,289300.14596673986,84717.0275398433
5625.0,289357.77221331955,84719.24146922774
5626.0,289390.02953065437,84721.44170930352
5627.0,289409.2171378549,84723.62826887432
5628.0,289421.9603062953,84725.80115674315
5629.0,289431.6525489634,84727.9603817132
5630.0,289439.9489305922,84730.1059525869
5631.0,289447.61891287146,84732.23787816682
5632.0,289455.0038227234,84734.35616725514
5633.0,289462.24824264843,84736.46082865346
5634.0,289469.4106991051,84738.55187116358
5635.0,289476.51385201,84740.62930358654
5636.0,289483.5661045697,84742.69313472357
5637.0,289490.57045118033,84744.74337337489
5638.0,289497.5279264128,84746.78002834113
5639.0,289504.43888624216,84748.80310842203
5640.0,289511.30346200254,84750.81262241729
5641.0,289518.12171389966,84752.80857912607
5642.0,289524.8936805897,84754.79098734731
5643.0,289531.61939447914,84756.75985587951
5644.0,289538.2988862387,84758.71519352077
5645.0,289544.93218607624,84760.65700906879
5646.0,289551.51932408125,84762.58531132105
5647.0,289558.06033031305,84764.50010907442
5648.0,289564.5552348222,84766.40141112535
5649.0,289571.0040676576,84768.28922627008
5650.0,289577.4068588646,84770.16356330406
5651.0,289583.76363848895,84772.02443102277
5652.0,289590.0744365729,84773.8718382207
5653.0,289596.3392831593,84775.70579369256
5654.0,289602.5582082875,84777.52630623191
5655.0,289608.731241996,84779.33338463222
5656.0,289614.85841432173,84781.12703768638
5657.0,289620.9397553003,84782.90727418699
5658.0,289626.97529496416,84784.67410292562
5659.0,289632.9650633464,84786.42753269411
5660.0,289638.90909047564,84788.16757228297
5661.0,289644.8074063811,84789.89423048287
5662.0,289650.6600410889,84791.60751608355
5663.0,289656.4670246237,84793.30743787438
5664.0,289662.2283870082,84794.99400464415
5665.0,289667.94415826275,84796.6672251809
5666.0,289673.6143684074,84798.32710827266
5667.0,289679.2390474574,84799.973662706
5668.0,289684.8182254297,84801.60689726801
5669.0,289690.3519323357,84803.22682074417
5670.0,289695.8401981869,84804.83344191995
5671.0,289701.2830529923,84806.42676958011
5672.0,289706.68052675884,84808.0068125088
5673.0,289712.0326494909,84809.57357948946
5674.0,289717.33945119136,84811.12707930502
5675.0,289722.60096186027,84812.66732073762
5676.0,289727.8172114962,84814.194312569
5677.0,289732.98823009495,84815.70806358004
5678.0,289738.11404765013,84817.20858255097
5679.0,289743.1946941536,84818.69587826158
5680.0,289748.2301995943,84820.1699594907
5681.0,289753.22059395915,84821.6308350167
5682.0,289758.16590723215,84823.07851361693
5683.0,289763.06616939645,84824.51300406863
5684.0,289767.9214104308,84825.93431514772
5685.0,289772.73166031315,84827.34245562986
5686.0,289777.4969490178,84828.73743428961
5687.0,289782.2173065173,84830.11925990111
5688.0,289786.89276278147,84831.48794123763
5689.0,289791.52334777766,84832.84348707176
5690.0,289796.1090914704,84834.1859061752
5691.0,289800.65002382174,84835.515207319
5692.0,289805.14617479173,84836.83139927356
5693.0,289809.5975743367,84838.13449080824
5694.0,289814.0042524109,84839.42449069179
5695.0,289818.3662389662,84840.70140769218
5696.0,289822.68356395094,84841.96525057648
5697.0,289826.9562573109,84843.21602811094
5698.0,289831.18434899044,84844.45374906134
5699.0,289835.3678689286,84845.678422192
5700.0,289839.5068470641,84846.8900562671
5701.0,289843.60131333116,84848.08866004951
5702.0,289847.65129766165,84849.27424230143
5703.0,289851.6568299847,84850.44681178419
5704.0,289855.6179402263,84851.60637725827
5705.0,289859.53465830995,84852.75294748344
5706.0,289863.407014155,84853.88653121817
5707.0,289867.23503767926,84855.00713722054
5708.0,289871.0187587962,84856.11477424735
5709.0,289874.7582074173,84857.20945105478
5710.0,289878.4534134504,84858.29117639801
5711.0,289882.10440680064,84859.35995903138
5712.0,289885.71121736884,84860.41580770799
5713.0,289889.27387505444,84861.45873118052
5714.0,289892.792409752,84862.48873820022
5715.0,289896.26685135457,84863.50583751795
5716.0,289899.6972297503,84864.51003788304
5717.0,289903.0835748252,84865.50134804429
5718.0,289906.4259164615,84866.4797767493
5719.0,289909.7242845383,84867.44533274483
5720.0,289912.9787089315,84868.39802477666
5721.0,289916.189219513,84869.33786158943
5722.0,289919.3558461526,84870.26485192716
5723.0,289922.4786187151,84871.17900453239
5724.0,289925.5575670632,84872.08032814706
5725.0,289928.5927210552,84872.96883151178
5726.0,289931.5841105463,84873.8445233663
5727.0,289934.5317653884,84874.7074124494
5728.0,289937.43571542995,84875.55750749884
5729.0,289940.29599051457,84876.39481725098
5730.0,289943.1126204845,84877.21935044175
5731.0,289945.88563517627,84878.03111580538
5732.0,289948.61506442446,84878.83012207564
5733.0,289951.3009380583,84879.61637798462
5734.0,289953.9432859048,84880.38989226382
5735.0,289956.54213778715,84881.15067364361
5736.0,289959.09752352315,84881.89873085277
5737.0,289961.60947292956,84882.6340726198
5738.0,289964.0780158165,84883.3567076713
5739.0,289966.5031819929,84884.06664473351
5740.0,289968.8850012623,84884.76389253125
5741.0,289971.22350342415,84885.44845978857
5742.0,289973.51871827524,84886.1203552295
5743.0,289975.77067560796,84886.77958757887
5744.0,289977.9794052101,84887.42616556518
5745.0,289980.1449368667,84888.06009792764
5746.0,289982.2673003578,84888.6813934309
5747.0,289984.34652546037,84889.29006089966
5748.0,289986.38264194597,84889.88610929289
5749.0,289988.375679584,84890.46954786728
5750.0,289990.32566813857,84891.04038652102
5751.0,289992.2326373697,84891.59863651426
5752.0,289994.096617034,84892.14431194567
5753.0,289995.91763688304,84892.67743272541
5754.0,289997.6957266653,84893.198030456
5755.0,289999.4309161239,84893.70615984978
5756.0,290001.1232349991,84894.20192049464
5757.0,290002.7727130255,84894.68549757378
5758.0,290004.37937993486,84895.15723662738
5759.0,290005.94326545316,84895.6177782137
5760.0,290007.464399304,84896.06829582233
5761.0,290008.9428112044,84896.5109080374
5762.0,290010.3785308694,84896.94937849458
5763.0,290011.7715880073,84897.39028071187
5764.0,290013.122012324,84897.8448968654
5765.0,290014.42983352044,84898.33224818202
5766.0,290015.69508129224,84898.88382760333
5767.0,290016.9177853319,84899.55082779245
5768.0,290018.097975326,84900.41492839648
5769.0,290019.2356809582,84901.60401384976
5770.0,290020.3309319063,84903.31450814159
5771.0,290021.3837578447,84905.84228383935
5772.0,290022.39418844244,84909.62424818269
5773.0,290023.36225336365,84915.29261644569
5774.0,290024.28798226913,84923.74341026241
5775.0,290025.17140481377,84936.21970728239
5776.0,290026.0125506487,84954.40846549899
5777.0,290026.81144942023,84980.54724048387
5778.0,290027.56813076884,85017.53378707584
5779.0,290028.2826243323,85069.0275154459
5780.0,290028.9549597419,85139.52738007183
5781.0,290029.58516662533,85234.40657785583
5782.0,290030.17327460484,85359.88121125856
5783.0,290030.7193132974,85522.88880942545
5784.0,290031.22331231704,85730.85433766904
5785.0,290031.68530127034,85991.32699337474
5786.0,290032.10530976125,86311.48127139936
5787.0,290032.4833673878,86697.49048157665
5788.0,290032.819503743,87153.7993104212
5789.0,290033.11374841497,87682.34241524574
5790.0,290033.36613098753,88281.77581769803
5791.0,290033.57668103866,88946.80377344978
5792.0,290033.74542814237,89667.69237024523
5793.0,290033.87240186613,90430.05926398108
5794.0,290033.95763177366,91215.01466569882
5795.0,290034.00114742323,91999.701560874
5796.0,290034.002978368,92758.24485752762
5797.0,290033.9631541559,93463.07353947446
5798.0,290033.8817043297,94086.53256731179
5799.0,290033.75865842786,94602.65891029226
5800.0,290033.5940459817,94988.9654129532
5801.0,290033.3878965196,95228.06274608556
5802.0,290033.14023956365,95308.95676425888
5803.0,290032.8511046305,95227.88649861258
5804.0,290032.5205212317,94988.61382262902
5805.0,290032.14851887396,94602.13371803974
5806.0,290031.73512705823,94085.83622103951
5807.0,290031.28037528036,93462.20901741434
5808.0,290030.7842930309,92757.2154623548
5809.0,290030.24690979434,91998.51070483615
5810.0,290029.6682550513,91213.66566655462
5811.0,290029.0483582753,90428.55516880695
5812.0,290028.3872489358,89666.03581968056
5813.0,290027.6849564956,88944.9969134551
5814.0,290026.94151041337,88279.82026023645
5815.0,290026.15694014076,87680.23924420665
5816.0,290025.3312751257,87151.54912516552
5817.0,290024.4645448086,86695.09346802092
5818.0,290023.55677862617,86308.93728964198
5819.0,290022.60800600814,85988.6356713411
5820.0,290021.61825638,85728.01516179672
5821.0,290020.58755916,85519.90120561373
5822.0,290019.5159437622,85356.74461176447
5823.0,290018.4034395943,85231.12047217299
5824.0,290017.25007605844,85136.09134981413
5825.0,290016.05588255153,85065.44125474207
5826.0,290014.82088846376,85013.7971109028
5827.0,290013.5451231806,84976.66008378245
5828.0,290012.22861608124,84950.3708759145
5829.0,290010.87139653927,84932.03183407562
5830.0,290009.47349392215,84919.40549147676
5831.0,290008.0349375925,84910.80496588674
5832.0,290006.5557569054,84904.98724325674
5833.0,290005.03598121234,84901.0563548625
5834.0,290003.4756398566,84898.38012937778
5835.0,290001.8747621778,84896.52169629883
5836.0,290000.23337750765,84895.18521418933
5837.0,289998.5515151732,84894.17428597291
5838.0,289996.8292044955,84893.36105104453
5839.0,289995.0664747885,84892.6638513922
5840.0,289993.2633553619,84892.0315144676
5841.0,289991.41987551784,84891.43256641417
5842.0,289989.5360645536,84890.84800441032
5843.0,289987.6119517594,84890.26656424577
5844.0,289985.6475664203,84889.68169009022
5845.0,289983.6429378144,84889.08963582381
5846.0,289981.59809521487,84888.48830027375
5847.0,289979.5130678872,84887.87652729971
5848.0,289977.3878850928,84887.25369365634
5849.0,289975.2225760843,84886.61947109511
5850.0,289973.01717011083,84885.97369171276
5851.0,289970.7716964131,84885.31627319442
5852.0,289968.48618422775,84884.64717809693
5853.0,289966.16066278267,84883.96639208421
5854.0,289963.7951613015,84883.27391251126
5855.0,289961.3897090014,84882.56974254374
5856.0,289958.94433509186,84881.85388818425
5857.0,289956.45906877774,84881.12635679715
5858.0,289953.9339392567,84880.38715638769
5859.0,289951.3689757197,84879.63629525744
5860.0,289948.76420735236,84878.8737818423
5861.0,289946.11966333294,84878.09962463689
5862.0,289943.4353728341,84877.31383216113
5863.0,289940.7113650217,84876.51641294453
5864.0,289937.9476690547,84875.70737551946
5865.0,289935.1443140866,84874.88672841885
5866.0,289932.30132926337,84874.05448017425
5867.0,289929.4187437257,84873.21063931596
5868.0,289926.4965866066,84872.35521437229
5869.0,289923.53488703276,84871.48821386963
5870.0,289920.53367412527,84870.60964633284
5871.0,289917.49297699746,84869.71952028443
5872.0,289914.412824757,84868.81784424536
5873.0,289911.293246504,84867.9046267343
5874.0,289908.13427133294,84866.97987626826
5875.0,289904.93592833093,84866.04360136218
5876.0,289901.69824657886,84865.0958105291
5877.0,289898.42125515087,84864.1365122801
5878.0,289895.1049831141,84863.16571512425
5879.0,289891.74945952895,84862.18342756861
5880.0,289888.35471344995,84861.18965811851
5881.0,289884.92077392363,84860.18441527699
5882.0,289881.4476699913,84859.16770754544
5883.0,289877.93543068564,84858.13954342269
5884.0,289874.3840850335,84857.09993140512
5885.0,289870.7936620558,84856.04887998448
5886.0,289867.1641907646,84854.98639763739
5887.0,289863.4957001673,84853.91249278783
5888.0,289859.78821926226,84852.82717365537
5889.0,289856.04177704273,84851.73044769988
5890.0,289852.25640249415,84850.62231964729
5891.0,289848.4321245952,84849.50278480128
5892.0,289844.56897231785,84848.37180736817
5893.0,289840.6669746267,84847.22925334315
5894.0,289836.72616047977,84846.07469204573
5895.0,289832.74655882793,84844.90683596786
5896.0,289828.7281986144,84843.72203286889
5897.0,289824.67110877694,84842.510397394
5898.0,289820.5753182448,84841.2463629357
5899.0,289816.4408559409,84839.86673773249
5900.0,289812.26775078085,84838.22230889002
5901.0,289808.0560316728,84835.9766706844
5902.0,289803.805727519,84832.40620076787
5903.0,289799.51686721283,84826.02715517172
5904.0,289795.18947964226,84813.94270932366
5905.0,289790.82359368633,84790.77507433371
5906.0,289786.419238219,84747.04772974073
5907.0,289781.9764421051,84666.94517436548
5908.0,289777.4952342032,84525.54381076302
5909.0,289772.9756433646,84285.9077574879
5910.0,289768.41769843345,83896.86599365114
5911.0,289763.8214282455,83292.74416398484
5912.0,289759.1868616312,82396.6308023487
5913.0,289754.51402741193,81128.65402935541
5914.0,289749.8029544027,79419.98142719298
5915.0,289745.0536714113,77231.7357283161
5916.0,289740.2662072373,74575.9482661812
5917.0,289735.44059067394,71533.6314710294
5918.0,289730.5768505058,68263.89887591975
5919.0,289725.67501551186,64998.63422467785
5920.0,289720.73511446174,62019.911496367495
5921.0,289715.75717611954,59621.80945495146
5922.0,289710.7412292399,58063.21239993676
5923.0,289705.6873025718,57521.90422853465
5924.0,289700.5954248558,58061.17899933717
5925.0,289695.4656248253,59617.633572298044
5926.0,289690.2979312053,62013.39587224064
5927.0,289685.0923727151,64989.529693797485
5928.0,289679.8489780645,68251.94679826136
5929.0,289674.5677759573,71518.60240352675
5930.0,289669.2487950887,74557.66916771924
5931.0,289663.8920641465,77210.10204820962
5932.0,289658.49761181173,79394.95477130283
5933.0,289653.06546675664,81100.24934614688
5934.0,289647.5956576466,82364.89845475656
5935.0,289642.08821313846,83257.75189513569
5936.0,289636.5431618831,83858.68426077349
5937.0,289630.9605325216,84244.59999748677
5938.0,289625.340353689,84481.1615718713
5939.0,289619.68265401194,84619.52704495889
5940.0,289613.9874621092,84696.6206462407
5941.0,289608.25480659213,84737.3567197767
5942.0,289602.48471606406,84757.54408239241
5943.0,289596.6772191208,84766.65479429545
5944.0,289590.8323443504,84770.06387056432
5945.0,289584.950120333,84770.66651972213
5946.0,289579.03057564056,84769.94560180366
5947.0,289573.07373883773,84768.62428605375
5948.0,289567.07963848126,84767.03876261215
5949.0,289561.0483031197,84765.33815203478
5950.0,289554.9797612937,84763.58561413868
5951.0,289548.8740415368,84761.80671160712
5952.0,289542.7311723732,84760.01133820367
5953.0,289536.551182321,84758.2031597357
5954.0,289530.3340998884,84756.3834793299
5955.0,289524.0799535774,84754.55274406342
5956.0,289517.7887718807,84752.71110461807
5957.0,289511.4605832841,84750.85861356145
5958.0,289505.09541626414,84748.99529239499
5959.0,289498.69329929067,84747.12115320789
5960.0,289492.25426082494,84745.23620535817
5961.0,289485.77832931955,84743.34045744398
5962.0,289479.26553322014,84741.4339178599
5963.0,289472.7159009636,84739.51659494673
5964.0,289466.12946097966,84737.58849703062
5965.0,289459.50624168885,84735.64963243192
5966.0,289452.8462715065,84733.70000946852
5967.0,289446.14957884175,84731.73963645547
5968.0,289439.41619210306,84729.76852170554
5969.0,289432.6461397073,84727.78667352894
5970.0,289425.8394501048,84725.79410023359
5971.0,289418.996151834,84723.79081012504
5972.0,289412.11627364834,84721.77681150644
5973.0,289405.19984479784,84719.7521126785
5974.0,289398.246895653,84717.71672193942
5975.0,289391.2574590517,84715.67064758526
5976.0,289384.23157315946,84713.6138979093
5977.0,289377.16928744694,84711.54648120268
5978.0,289370.07067493926,84709.46840575396
5979.0,289362.9358568894,84707.37967984939
5980.0,289355.76505156956,84705.28031177269
5981.0,289348.55866900965,84703.17030980521
5982.0,289341.31749157695,84701.04968222564
5983.0,289334.04301181855,84698.91843731067
5984.0,289326.7380526918,84696.77658333394
5985.0,289319.40788471384,84694.62412856726
5986.0,289312.0621995834,84692.46108127949
5987.0,289304.71852920606,84690.28744973725
5988.0,289297.4080517962,84688.10324220483
5989.0,289290.18525372306,84685.90846694358
5990.0,289283.1436784952,84683.70313221288
5991.0,289276.44106065953,84681.48724626927
5992.0,289270.3385765518,84679.26081736707
5993.0,289265.2607877231,84677.023853758
5994.0,289261.88509796537,84674.7763636912
5995.0,289261.27209228545,84672.51835541341
5996.0,289265.0507374278,84670.24983716896
5997.0,289275.6746667812,84667.97081719934
5998.0,289296.7669756277,84665.68130374403
5999.0,289333.5701802626,84663.38130503947
6000.0,289393.51407178707,84661.07082932015
6001.0,289486.90580498567,84658.74988481747
6002.0,289627.73243831604,84656.41847976072
6003.0,289834.54536894005,84654.07662237652
6004.0,290131.3685272768,84651.72432088878
6005.0,290548.5388608987,84649.36158351929
6006.0,291123.3512459437,84646.98841848678
6007.0,291900.34515023936,84644.60483400802
6008.0,292931.0437097252,84642.2108382967
6009.0,294272.9454542667,84639.80643956429
6010.0,295987.5833718876,84637.39164601956
6011.0,298137.513035056,84634.9664658688
6012.0,300782.1759853814,84632.53090731558
6013.0,303972.7064501228,84630.08497856121
6014.0,307745.902063349,84627.62868780414
6015.0,312117.74829185376,84625.16204324046
6016.0,317077.05012995016,84622.68505306332
6017.0,322579.85637515126,84620.19772546383
6018.0,328545.4327148182,84617.70006863015
6019.0,334854.5243999011,84615.19209074773
6020.0,341350.5306040136,84612.67379999993
6021.0,347843.987542212,84610.14520456693
6022.0,354120.4400207831,84607.60631262691
6023.0,359951.40297780937,84605.0571323548
6024.0,365107.722364014,84602.49767192345
6025.0,369374.2938320024,84599.92793950287
6026.0,372564.8437098888,84597.34794326038
6027.0,374535.3655519453,84594.75769136094
6028.0,375194.86450362473,84592.15719196662
6029.0,374512.2932832971,84589.54645323711
6030.0,372518.94342755445,84586.9254833292
6031.0,369306.0352857,84584.29429039717
6032.0,365017.7652851442,84581.65288259284
6033.0,359840.548553443,84579.00126806507
6034.0,353989.5743235074,84576.3394549604
6035.0,347694.02246320574,84573.66745142252
6036.0,341182.34772193385,84570.98526559232
6037.0,334668.92647183995,84568.29290560851
6038.0,328343.1062474833,84565.59037960655
6039.0,322361.34723124426,84562.87769571986
6040.0,316842.75257145235,84560.15486207874
6041.0,311867.9064648692,84557.42188681086
6042.0,307480.62184537004,84554.67877804152
6043.0,303691.97490061854,84551.925543893
6044.0,300485.88538427325,84549.16219248503
6045.0,297825.486618457,84546.38873193495
6046.0,295659.60029319697,84543.6051703567
6047.0,293928.7631007354,84540.8115158623
6048.0,292570.41617731797,84538.00777656058
6049.0,291523.03732553055,84535.19396055797
6050.0,290729.14849148475,84532.37007595805
6051.0,290137.2527089801,84529.53613086155
6052.0,289702.8390440715,84526.69213336695
6053.0,289388.6409674971,84523.83809156937
6054.0,289164.3479209818,84520.97401356189
6055.0,289005.95933684695,84518.09990743447
6056.0,288894.9436605505,84515.2157812743
6057.0,288817.33009386016,84512.32164316613
6058.0,288762.8243890031,84509.41750119189
6059.0,288724.0067081083,84506.50336343053
6060.0,288695.64200850896,84503.57923795862
6061.0,288674.1126695709,84500.64513284981
6062.0,288656.96897706017,84497.70105617499
6063.0,288642.58471091633,84494.74701600241
6064.0,288629.90117450646,84491.78302039744
6065.0,288618.2422409829,84488.80907742292
6066.0,288607.18420123804,84485.82519513863
6067.0,288596.466443796,84482.8313816019
6068.0,288585.9316086652,84479.82764486701
6069.0,288575.4864037915,84476.8139929858
6070.0,288565.076516357,84473.79043400698
6071.0,288554.67089344986,84470.7569759768
6072.0,288544.2520991988,84467.7136269386
6073.0,288533.8105205455,84464.66039493303
6074.0,288523.34095548384,84461.59728799792
6075.0,288512.8406437806,84458.52431416881
6076.0,288502.3081523736,84455.44148147863
6077.0,288491.7427565988,84452.34879795896
6078.0,288481.14410317084,84449.24627164191
6079.0,288470.51203005196,84446.13391056404
6080.0,288459.8464719601,84443.01172277688
6081.0,288449.14741170447,84439.8797163698
6082.0,288438.4148555817,84436.73789952195
6083.0,288427.64882115735,84433.58628061571
6084.0,288416.8493313091,84430.42486848323
6085.0,288406.01641137165,84427.25367292926
6086.0,288395.15008779627,84424.07270582367
6087.0,288384.25038752705,84420.8819833401
6088.0,288373.31733772194,84417.68153046632
6089.0,288362.3509656244,84414.47138992128
6090.0,288351.35129850934,84411.25163947097
6091.0,288340.3183636594,84408.02242493264
6092.0,288329.2521883543,84404.78402192007
6093.0,288318.1527998677,84401.53694919923
6094.0,288307.02022546297,84398.28217285602
6095.0,288295.8544923962,84395.02146698962
6096.0,288284.65562791255,84391.75803854872
6097.0,288273.42365924816,84388.49758839772
6098.0,288262.15861362923,84385.25007698925
6099.0,288250.8605182724,84382.03260239195
6100.0,288239.52940038376,84378.87399327045
6101.0,288228.16528716084,84375.82198145342
6102.0,288216.76820579026,84372.95415561246
6103.0,288205.33818344993,84370.39430774824
6104.0,288193.87524730724,84368.33624954894
6105.0,288182.37942451955,84367.07765267209
6106.0,288170.8507422348,84367.0668766726
6107.0,288159.28922759084,84368.9659678529
6108.0,288147.69490771665,84373.7328708313
6109.0,288136.0678097296,84382.72517747503
6110.0,288124.4079607388,84397.82620439719
6111.0,288112.71538784215,84421.59160913933
6112.0,288100.9901181289,84457.4109596727
6113.0,288089.2321786775,84509.67363289108
6114.0,288077.44159655686,84583.922327787
6115.0,288065.61839882587,84686.97083114285
6116.0,288053.76261253393,84826.95631475066
6117.0,288041.87426471914,85013.29157450736
6118.0,288029.95338241145,85256.48072039775
6119.0,288017.99999262963,85567.76447088964
6120.0,288006.0141223831,85958.56980250159
6121.0,287993.99579867086,86439.75414180415
6122.0,287981.945048482,87020.6565558308
6123.0,287969.86189879617,87707.99627610893
6124.0,287957.74637658184,88504.6897689066
6125.0,287945.598508799,89408.68749478742
6126.0,287933.4183223963,90411.95556006405
6127.0,287921.20584431314,91499.74040620425
6128.0,287908.9611014783,92650.25184570355
6129.0,287896.6841208107,93834.87805779125
6130.0,287884.3749292196,95019.00503662496
6131.0,287872.033553604,96163.45499237579
6132.0,287859.66002085205,97226.48912968385
6133.0,287847.2543578433,98166.24858445089
6134.0,287834.8165914454,98943.4432145867
6135.0,287822.3467485178,99524.05156168042
6136.0,287809.8448559083,99881.77501461517
6137.0,287797.310940455,100000.0
6138.0,287784.7450289864,99873.06434918684
6139.0,287772.14714832004,99506.69339733041
6140.0,287759.5173252643,98917.55903297267
6141.0,287746.8555866159,98132.00899875164
6142.0,287734.1619591635,97184.10133582042
6143.0,287721.43646968325,96113.14813997743
6144.0,287708.6791449427,94961.01495426906
6145.0,287695.8900116987,93769.43273736046
6146.0,287683.06909669796,92577.5588977218
6147.0,287670.2164266766,91419.9773804448
6148.0,287657.3320283612,90325.26363700602
6149.0,287644.41592846735,89315.1686518421
6150.0,287631.4681537014,88404.40716405309
6151.0,287618.48873075837,87600.97731130972
6152.0,287605.47768632317,86906.89790675513
6153.0,287592.4350470716,86319.2279740798
6154.0,287579.36083966726,85831.23042698349
6155.0,287566.2550907655,85433.55479870032
6156.0,287553.1178270096,85115.33803416489
6157.0,287539.94907503383,84865.15230618663
6158.0,287526.7488614611,84671.75968744725
6159.0,287513.5172129052,84524.66136398815
6160.0,287500.25415596867,84414.45130856137
6161.0,287486.9597172433,84332.99972956962
6162.0,287473.6339233122,84273.50017220194
6163.0,287460.27680074645,84230.41676329578
6164.0,287446.88837610756,84199.36616916975
6165.0,287433.46867594676,84176.963954777
6166.0,287420.017726804,84160.65866908143
6167.0,287406.5355552101,84148.57033480736
6168.0,287393.0221876849,84139.34393553795
6169.0,287379.47765073733,84132.02346083906
6170.0,287365.90197086707,84125.94828161453
6171.0,287352.2951745616,84120.67105322766
6172.0,287338.65728830016,84115.89481570607
6173.0,287324.98833854956,84111.42624706065
6174.0,287311.2883517677,84107.14188685364
6175.0,287297.557354401,84102.96436818398
6176.0,287283.7953728859,84098.8461066127
6177.0,287270.00243364816,84094.7583716436
6178.0,287256.17856310337,84090.68413153649
6179.0,287242.32378765574,84086.61347201775
6180.0,287228.4381337004,84082.54072592223
6181.0,287214.5216276206,84078.46271242955
6182.0,287200.57429579017,84074.37767907052
6183.0,287186.5961645718,84070.2846787682
6184.0,287172.58726031735,84066.1832102694
6185.0,287158.5476093694,84062.07301463519
6186.0,287144.4772380583,84057.95396226217
6187.0,287130.3761727053,84053.82599135028
6188.0,287116.2444396199,84049.68907501448
6189.0,287102.0820651025,84045.54320403325
6190.0,287087.88907544134,84041.38837796343
6191.0,287073.6654969149,84037.2246006484
6192.0,287059.41135579086,84033.0518779877
6193.0,287045.1266783268,84028.87021684916
6194.0,287030.8114907688,84024.67962454788
6195.0,287016.46581935324,84020.48010860132
6196.0,287002.089690305,84016.27167661571
6197.0,286987.6831298389,84012.05433623478
6198.0,286973.2461641593,84007.82809511678
6199.0,286958.77881945955,84003.59296092416
6200.0,286944.28112192196,83999.34894131939
6201.0,286929.75309771893,83995.09604396322
6202.0,286915.19477301196,83990.83427651373
6203.0,286900.60617395124,83986.56364662596
6204.0,286885.98732667783,83982.28416195235
6205.0,286871.33825732,83977.99583014158
6206.0,286856.6589919975,83973.69865883986
6207.0,286841.9495568175,83969.39265568975
6208.0,286827.2099778775,83965.077828331
6209.0,286812.4402812639,83960.75418440001
6210.0,286797.64049305307,83956.42173153035
6211.0,286782.8106393095,83952.08047735206
6212.0,286767.9507460875,83947.73042949224
6213.0,286753.0608394311,83943.37159557492
6214.0,286738.14094537275,83939.0039832208
6215.0,286723.19108993467,83934.62760004753
6216.0,286708.2112991283,83930.24245366966
6217.0,286693.2015989544,83925.84855169855
6218.0,286678.16201540164,83921.44590174213
6219.0,286663.09257445,83917.03451140567
6220.0,286647.9933020669,83912.61438829079
6221.0,286632.86422421056,83908.18553999646
6222.0,286617.70536682685,83903.747974118
6223.0,286602.5167558514,83899.30169824776
6224.0,286587.2984172096,83894.84671997502
6225.0,286572.05037681526,83890.38304688579
6226.0,286556.7726605714,83885.9106865628
6227.0,286541.46529437054,83881.4296465858
6228.0,286526.12830409437,83876.93993453133
6229.0,286510.7617156134,83872.44155797263
6230.0,286495.36555478745,83867.93452447986
6231.0,286479.93984746543,83863.41884161995
6232.0,286464.48461948533,83858.89451695667
6233.0,286448.9998966742,83854.36155805054
6234.0,286433.4857048485,83849.81997245904
6235.0,286417.9420698134,83845.26976773629
6236.0,286402.3690173636,83840.71095143336
6237.0,286386.76657328237,83836.14353109797
6238.0,286371.1347633423,83831.56751427476
6239.0,286355.4736133055,83826.98290850522
6240.0,286339.7831489221,83822.38972132743
6241.0,286324.06339593255,83817.78796027656
6242.0,286308.3143800653,83813.17763288427
6243.0,286292.5361270384,83808.55874667923
6244.0,286276.72866255906,83803.93130918687
6245.0,286260.8920123228,83799.29532792926
6246.0,286245.0262020148,83794.65081042543
6247.0,286229.1312573092,83789.99776419111
6248.0,286213.20720386907,83785.3361967389
6249.0,286197.2540673465,83780.6661155781
6250.0,286181.27187338215,83775.98752821471
6251.0,286165.2606476068,83771.30044215177
6252.0,286149.220415639,83766.60486488885
6253.0,286133.15120308707,83761.90080392244
6254.0,286117.0530355477,83757.18826674565
6255.0,286100.92593860725,83752.46726084854
6256.0,286084.76993784076,83747.73779371794
6257.0,286068.5850588116,83742.99987283719
6258.0,286052.37132707314,83738.25350568669
6259.0,286036.1287681668,83733.4986997434
6260.0,286019.8574076238,83728.73546248124
6261.0,286003.5572709637,83723.96380137076
6262.0,285987.22838369466,83719.18372387915
6263.0,285970.87077131483,83714.3952374707
6264.0,285954.48445931077,83709.59834960624
6265.0,285938.06947315723,83704.79306774319
6266.0,285921.625838319,83699.97939933607
6267.0,285905.1535802488,83695.15735183583
6268.0,285888.6527243895,83690.32693269059
6269.0,285872.1232961712,83685.48814934462
6270.0,285855.5653210144,83680.6410092395
6271.0,285838.97882432764,83675.78551981327
6272.0,285822.3638315083,83670.92168850069
6273.0,285805.7203679433,83666.04952273345
6274.0,285789.0484590073,83661.16902993966
6275.0,285772.3481300651,83656.28021754454
6276.0,285755.6194064695,83651.38309296987
6277.0,285738.8623135622,83646.47766363404
6278.0,285722.07687667414,83641.5639369524
6279.0,285705.26312112523,83636.64192033703
6280.0,285688.42107222276,83631.71162119633
6281.0,285671.55075526505,83626.77304693607
6282.0,285654.65219553735,83621.82620495815
6283.0,285637.7254183149,83616.87110266164
6284.0,285620.770448861,83611.90774744203
6285.0,285603.78731242823,83606.93614669167
6286.0,285586.77603425784,83601.95630779964
6287.0,285569.73663957947,83596.96823815163
6288.0,285552.66915361263,83591.97194513031
6289.0,285535.57360156404,83586.96743611462
6290.0,285518.4500086308,83581.9547184807
6291.0,285501.29839999723,83576.93379960099
6292.0,285484.11880083766,83571.9046868449
6293.0,285466.9112363147,83566.86738757847
6294.0,285449.6757315795,83561.82190916444
6295.0,285432.4123117719,83556.76825896215
6296.0,285415.1210020213,83551.70644432792
6297.0,285397.80182744516,83546.63647261455
6298.0,285380.45481314947,83541.55835117157
6299.0,285363.07998422906,83536.47208734509
6300.0,285345.6773657685,83531.37768847839
6301.0,285328.24698283966,83526.27516191085
6302.0,285310.7888605036,83521.16451497885
6303.0,285293.3030238107,83516.04575501553
6304.0,285275.7894977989,83510.91888935024
6305.0,285258.24830749584,83505.7839253087
6306.0,285240.6794779174,83500.64087021042
6307.0,285223.0830340682,83495.48973135948
6308.0,285205.45900094166,83490.33051600732
6309.0,285187.8074035192,83485.16323120792
6310.0,285170.12826677226,83479.9878832827
6311.0,285152.4216156596,83474.80447592174
6312.0,285134.6874751292,83469.61300375022
6313.0,285116.9258701181,83464.41343148018
6314.0,285099.13682555116,83459.20562936002
6315.0,285081.3203663423,83453.98918230174
6316.0,285063.4765173941,83448.76285118675
6317.0,285045.6053035983,83443.52312280817
6318.0,285027.7067498339,83438.2604901101
6319.0,285009.7808809697,83432.95036759294
6320.0,284991.8277218628,83427.5319930696
6321.0,284973.84729735873,83421.8618997077
6322.0,284955.8396322919,83415.61665586576
6323.0,284937.8047514853,83408.10058800009
6324.0,284919.74267975,83397.88734414168
6325.0,284901.6534418865,83382.19231878342
6326.0,284883.53706268314,83355.84637242914
6327.0,284865.3935669176,83309.74124442063
6328.0,284847.22297935525,83228.67705193847
6329.0,284829.0253247509,83088.70206094965
6330.0,284810.8006278474,82854.32340021685
6331.0,284792.5489133761,82476.37342039344
6332.0,284774.2702060578,81891.75523264793
6333.0,284755.9645306002,81026.58497548809
6334.0,284737.63191170146,79804.14811873675
6335.0,284719.2723740473,78158.3530404391
6336.0,284700.88594231126,76051.90424435663
6337.0,284682.472641157,73496.42829242701
6338.0,284664.0324952355,70569.82594012811
6339.0,284645.56552918744,67425.01821725152
6340.0,284627.07176764024,64284.80703886456
6341.0,284608.5512352118,61420.16693172889
6342.0,284590.00395650737,59113.55230175822
6343.0,284571.42995612073,57613.5569701134
6344.0,284552.8292586347,57090.82899691164
6345.0,284534.2018886204,57606.01987691979
6346.0,284515.5478706374,59098.08667167611
6347.0,284496.86722923385,61396.064879063924
6348.0,284478.15998894605,64251.17438087556
6349.0,284459.4261742992,67380.92671921272
6350.0,284440.6658098071,70514.4520737027
6351.0,284421.87891997123,73429.15085323346
6352.0,284403.065529283,75972.34773205892
6353.0,284384.22566222027,78066.37929040221
6354.0,284365.35934325145,79699.81032891366
6355.0,284346.4665968318,80910.06338064646
6356.0,284327.54744740634,81763.29239511045
6357.0,284308.60191940767,82336.22160412399
6358.0,284289.6300372568,82702.70963920679
6359.0,284270.6318253637,82925.81068760574
6360.0,284251.60730812664,83054.64585082913
6361.0,284232.5565099323,83124.66614348549
6362.0,284213.4794551559,83159.79004860783
6363.0,284194.37616816064,83175.19341601102
6364.0,284175.2466732987,83179.9684541054
6365.0,284156.09099491045,83179.27430186974
6366.0,284136.90915732447,83175.88971903289
6367.0,284117.7011848584,83171.23783914803
6368.0,284098.4671018174,83166.01266352965
6369.0,284079.206932496,83160.53680404295
6370.0,284059.92070117634,83154.9533500872
6371.0,284040.60843212967,83149.3229031857
6372.0,284021.27014961466,83143.66998875015
6373.0,284001.9058778797,83138.00409801904
6374.0,283982.51564116054,83132.32874689797
6375.0,283963.0994636813,83126.64518457199
6376.0,283943.6573696557,83120.95383898843
6377.0,283924.18938328384,83115.2548537664
6378.0,283904.69552875625,83109.54827840984
6379.0,283885.17583025066,83103.8341326235
6380.0,283865.6303119336,83098.11242708308
6381.0,283846.0589979593,83092.38316984382
6382.0,283826.46191247134,83086.64636823128
6383.0,283806.83907960093,83080.90202937441
6384.0,283787.190523468,83075.15016034957
6385.0,283767.5162681806,83069.39076821774
6386.0,283747.81633783574,83063.62386003377
6387.0,283728.0907565174,83057.84944284816
6388.0,283708.33954829973,83052.0675237083
6389.0,283688.562737244,83046.27810965788
6390.0,283668.76034739974,83040.48120773707
6391.0,283648.9324028058,83034.67682498296
6392.0,283629.0789274882,83028.86496842885
6393.0,283609.19994546217,83023.04564510491
6394.0,283589.295480731,83017.21886203781
6395.0,283569.3655572862,83011.38462625074
6396.0,283549.4101991074,83005.54294476348
6397.0,283529.4294301629,82999.6938245924
6398.0,283509.42327440943,82993.83727275056
6399.0,283489.39175579173,82987.97329624748
6400.0,283469.3348982427,82982.10190208921
6401.0,283449.25272568397,82976.22309727852
6402.0,283429.14526202495,82970.33688881459
6403.0,283409.0125311642,82964.4432836934
6404.0,283388.85455698776,82958.54228890732
6405.0,283368.6713633699,82952.63391144521
6406.0,283348.4629741741,82946.71815829286
6407.0,283328.22941325116,82940.79503643223
6408.0,283307.97070444084,82934.86455284218
6409.0,283287.68687157054,82928.92671449782
6410.0,283267.37793845654,82922.98152837109
6411.0,283247.043928903,82917.02900143036
6412.0,283226.68486670224,82911.06914064055
6413.0,283206.3007756356,82905.10195296335
6414.0,283185.89167947206,82899.1274453568
6415.0,283165.45760196855,82893.14562477545
6416.0,283144.9985668713,82887.15649817073
6417.0,283124.5145979133,82881.16007249021
6418.0,283104.0057188178,82875.15635467852
6419.0,283083.47195329424,82869.14535167628
6420.0,283062.91332504177,82863.12707042118
6421.0,283042.32985774695,82857.10151784716
6422.0,283021.72157508484,82851.06870088475
6423.0,283001.08850071934,82845.0286264613
6424.0,282980.43065830145,82838.98130150032
6425.0,282959.74807147123,82832.92673292218
6426.0,282939.04076385626,82826.86492764353
6427.0,282918.30875907384,82820.79589257803
6428.0,282897.5520807275,82814.71963463533
6429.0,282876.77075241035,82808.63616072203
6430.0,282855.9647977033,82802.54547774114
6431.0,282835.13424017554,82796.44759259223
6432.0,282814.2791033841,82790.34251217135
6433.0,282793.3994108751,82784.23024337132
6434.0,282772.4951861819,82778.11079308121
6435.0,282751.56645282666,82771.98416818689
6436.0,282730.61323431996,82765.85037557076
6437.0,282709.63555415947,82759.70942211147
6438.0,282688.6334358326,82753.56131468466
6439.0,282667.60690281336,82747.40606016206
6440.0,282646.5559785654,82741.24366541237
6441.0,282625.48068653926,82735.07413730041
6442.0,282604.38105017523,82728.89748268807
6443.0,282583.25709289993,82722.71370843318
6444.0,282562.10883812985,82716.52282139062
6445.0,282540.9363092685,82710.3248284115
6446.0,282519.73952970834,82704.11973634364
6447.0,282498.5185228289,82697.90755203112
6448.0,282477.27331199974,82691.6882823151
6449.0,282456.0039205767,82685.46193403266
6450.0,282434.710371905,82679.22851401789
6451.0,282413.3926893175,82672.98802910115
6452.0,282392.05089613545,82666.74048610944
6453.0,282370.6850156682,82660.48589186631
6454.0,282349.2950712127,82654.22425319163
6455.0,282327.8810860554,82647.9555769022
6456.0,282306.4430834693,82641.67986981092
6457.0,282284.9810867173,82635.39713872773
6458.0,282263.4951190485,82629.10739045852
6459.0,282241.9852037018,82622.81063180613
6460.0,282220.4513639036,82616.50686956984
6461.0,282198.8936228681,82610.19611054534
6462.0,282177.3120037983,82603.87836152493
6463.0,282155.7065298852,82597.55362929754
6464.0,282134.077224307,82591.22192064836
6465.0,282112.42411023146,82584.88324235936
6466.0,282090.7472108144,82578.53760120916
6467.0,282069.0465491979,82572.18500397234
6468.0,282047.32214851433,82565.82545742055
6469.0,282025.5740318833,82559.45896832184
6470.0,282003.8022224125,82553.08554344061
6471.0,281982.0067431975,82546.70518953788
6472.0,281960.18761732336,82540.31791337147
6473.0,281938.3448678608,82533.92372169506
6474.0,281916.4785178716,82527.52262125969
6475.0,281894.588590403,82521.11461881215
6476.0,281872.675108492,82514.69972109626
6477.0,281850.7380951634,82508.2779348522
6478.0,281828.77757342986,82501.84926681666
6479.0,281806.79356629204,82495.4137237228
6480.0,281784.78609673865,82488.97131230026
6481.0,281762.75518774794,82482.52203927565
6482.0,281740.7008622839,82476.06591137139
6483.0,281718.6231433002,82469.60293530687
6484.0,281696.5220537385,82463.133117798
6485.0,281674.3976165282,82456.65646555704
6486.0,281652.24985458655,82450.17298529275
6487.0,281630.0787908199,82443.68268371066
6488.0,281607.8844481214,82437.18556751247
6489.0,281585.66684937367,82430.68164339678
6490.0,281563.4260174458,82424.17091805824
6491.0,281541.1619751966,82417.65339818846
6492.0,281518.87474547175,82411.12909047521
6493.0,281496.56435110595,82404.5980016031
6494.0,281474.2308149216,82398.06013825309
6495.0,281451.8741597285,82391.51550710243
6496.0,281429.49440832564,82384.96411482531
6497.0,281407.09158349957,82378.40596809216
6498.0,281384.6657080249,82371.84107356999
6499.0,281362.2168046645,82365.2694379223
6500.0,281339.7448961694,82358.6910678092
6501.0,281317.25000527786,82352.10596988702
6502.0,281294.73215471744,82345.51415080897
6503.0,281272.1913672028,82338.91561722451
6504.0,281249.62766543764,82332.31037577981
6505.0,281227.0410721125,82325.69843311732
6506.0,281204.4316099074,82319.07979587626
6507.0,281181.7993014889,82312.45447069201
6508.0,281159.1441695129,82305.8224641968
6509.0,281136.466236623,82299.18378301927
6510.0,281113.76552545023,82292.53843378434
6511.0,281091.0420586147,82285.88642311383
6512.0,281068.2958587236,82279.2277576256
6513.0,281045.526948373,82272.56244393448
6514.0,281022.7353501468,82265.89048865157
6515.0,280999.92108661635,82259.21189838435
6516.0,280977.08418034186,82252.52667973706
6517.0,280954.2246538717,82245.83483931042
6518.0,280931.34252974094,82239.13638370135
6519.0,280908.43783047446,82232.43131950365
6520.0,280885.51057858375,82225.71965330734
6521.0,280862.56079656957,82219.0013916992
6522.0,280839.5885069195,82212.2765412622
6523.0,280816.5937321105,82205.54510857619
6524.0,280793.5764946065,82198.80710021721
6525.0,280770.53681685944,82192.06252275775
6526.0,280747.47472131054,82185.31138276724
6527.0,280724.39023038774,82178.55368681117
6528.0,280701.2833665076,82171.7894414517
6529.0,280678.15415207477,82165.01865324749
6530.0,280655.0026094817,82158.24132875368
6531.0,280631.8287611089,82151.4574745219
6532.0,280608.6326293255,82144.66709710039
6533.0,280585.4142364875,82137.87020303358
6534.0,280562.17360494006,82131.06679886278
6535.0,280538.9107570157,82124.25689112555
6536.0,280515.6257150356,82117.44048635614
6537.0,280492.31850130815,82110.61759108503
6538.0,280468.9891381304,82103.78821183936
6539.0,280445.6376477875,82096.95235514289
6540.0,280422.2640525519,82090.11002751549
6541.0,280398.8683746857,82083.26123547406
6542.0,280375.45063643827,82076.40598553148
6543.0,280352.01086005004,82069.54428419759
6544.0,280328.5490677521,82062.6761379783
6545.0,280305.06528177444,82055.80155337622
6546.0,280281.5595243596,82048.92053689052
6547.0,280258.0318177964,82042.03309501673
6548.0,280234.4821844991,82035.13923424696
6549.0,280210.91064718715,82028.23896106987
6550.0,280187.31722928607,82021.3322819703
6551.0,280163.7019558164,82014.41920343004
6552.0,280140.064855306,82007.49973192693
6553.0,280116.40596386365,82000.57387393573
6554.0,280092.7253336745,81993.64163592734
6555.0,280069.0230504245,81986.70302436939
6556.0,280045.29926838435,81979.75804572586
6557.0,280021.55427978834,81972.8067064572
6558.0,279997.7886495365,81965.84901302065
6559.0,279974.003471928,81958.88497186932
6560.0,279950.2008509478,81951.91458945369
6561.0,279926.38478193746,81944.93787221986
6562.0,279902.562739529,81937.95482661096
6563.0,279878.748482782,81930.9654590665
6564.0,279854.96691431495,81923.9697760224
6565.0,279831.26233133976,81916.96778391108
6566.0,279807.71215501026,81909.95948916154
6567.0,279784.4493077271,81902.94489819906
6568.0,279761.6979223267,81895.92401744582
6569.0,279739.82910323667,81888.89685332005
6570.0,279719.44607715757,81881.86341223675
6571.0,279701.511257021,81874.82370060723
6572.0,279687.53135716385,81867.77772483947
6573.0,279679.82040059526,81860.7254913378
6574.0,279681.8636373155,81853.66700650306
6575.0,279698.80709122727,81846.60227673262
6576.0,279738.0963441725,81839.53130842042
6577.0,279810.2825817057,81832.45410795668
6578.0,279930.00199773884,81825.37068172828
6579.0,280117.1145889203,81818.28103611844
6580.0,280397.9588716683,81811.1851775071
6581.0,280806.6399037243,81804.08311227054
6582.0,281386.22068785777,81796.9748467814
6583.0,282189.6354139624,81789.86038740903
6584.0,283280.09363948216,81782.73974051928
6585.0,284730.70674478903,81775.6129124743
6586.0,286623.0532878043,81768.47990963288
6587.0,289044.4204317191,81761.34073835018
6588.0,292083.52522702876,81754.19540497793
6589.0,295824.63875817036,81747.04391586434
6590.0,300340.20721060707,81739.88627735419
6591.0,305682.27563052106,81732.72249578859
6592.0,311873.24881732906,81725.5525775053
6593.0,318896.73222507857,81718.3765288386
6594.0,326689.3344674987,81711.19435611945
6595.0,335134.32463694597,81704.00606567581
6596.0,344057.86677905376,81696.81166383356
6597.0,353228.1662896967,81689.61115691822
6598.0,362357.2780132892,81682.4045512592
6599.0,371104.6610965941,81675.19185320046
6600.0,379081.0799041143,81667.97306912333
6601.0,385851.5453596885,81660.7482054991
6602.0,390937.1137780588,81653.51726900382
6603.0,393817.7549827848,81646.28026676664
6604.0,393941.8409794204,81639.03720689799
6605.0,390750.87366021087,81631.78809959244
6606.0,383728.8039381178,81624.53295938806
6607.0,372481.49218202167,81617.27180971863
6608.0,356842.51155103405,81610.00469191345
6609.0,336988.1833386822,81602.73168267167
6610.0,313532.07936117455,81595.45292736749
6611.0,287563.56142437895,81588.16870235417
6612.0,260601.3094842186,81580.87952933874
6613.0,234451.80637256068,81573.58638137262
6614.0,210989.1644225996,81566.2910467412
6615.0,191897.1933739993,81558.99675929807
6616.0,178428.0296516951,81551.70926879728
6617.0,171229.1589454114,81544.43862186768
6618.0,170273.69982099143,81537.20206478609
6619.0,174903.72154526797,81530.02867562877
6620.0,183971.1059704602,81522.96659749803
6621.0,196041.50883830563,81516.09408402993
6622.0,209617.8354798197,81509.53598167411
6623.0,223340.91912490033,81503.48774200876
6624.0,236135.16935934825,81498.24953763756
6625.0,247282.66215756736,81494.2734673841
6626.0,256426.30033641175,81492.2270567425
6627.0,263517.0002284185,81493.0761155744
6628.0,268728.1440812327,81498.18929060732
6629.0,272361.63871955086,81509.46510300925
6630.0,274765.00373379287,81529.4796583526
6631.0,276270.7344319684,81561.64938997767
6632.0,277160.8400371977,81610.3981184485
6633.0,277653.2323321375,81681.31157410762
6634.0,277903.46506438224,81781.25583436515
6635.0,278014.9014546414,81918.42972638314
6636.0,278051.7258674872,82102.31634985085
6637.0,278051.2227197026,82343.49697186235
6638.0,278033.61356465216,82653.29322607418
6639.0,278009.0741191591,83043.21222705644
6640.0,277982.28774338047,83524.18477856975
6641.0,277955.1615743928,84105.60930088833
6642.0,277928.32148636377,84794.24219264471
6643.0,277901.86970528524,85593.00644172844
6644.0,277875.73459207424,86499.82043079332
6645.0,277849.81366857677,87506.573084882
6646.0,277824.0213916765,88598.38449984764
6647.0,277798.2980813638,89753.28827625299
6648.0,277772.6058623153,90942.44987261666
6649.0,277746.92210470623,92130.99382149571
6650.0,277721.2338561193,93279.45420443948
6651.0,277695.53394537716,94345.79319583646
6652.0,277669.81851074,95287.86034444888
6653.0,277644.08552428946,96066.10076490979
6654.0,277618.33394766995,96646.27377696244
6655.0,277592.56326443545,97001.92319447434
6656.0,277566.7732277828,97116.35143852075
6657.0,277540.9637275511,96983.89236803497
6658.0,277515.1347215566,96610.34769082439
6659.0,277489.2862008276,96012.54013930807
6660.0,277463.41817233013,95217.03134077713
6661.0,277437.53065054497,94258.14048106292
6662.0,277411.6236534302,93175.46955019477
6663.0,277385.6972005222,92011.18331693362
6664.0,277359.75131205923,90807.30276647245
6665.0,277333.7860085803,89603.25004931712
6666.0,277307.80131074926,88433.83608747323
6667.0,277281.79723927606,87327.81733480716
6668.0,277255.7738148811,86307.07601944446
6669.0,277229.73105828563,85386.40869669642
6670.0,277203.66899020015,84573.84966742585
6671.0,277177.58763132716,83871.41457051682
6672.0,277151.48700235627,83276.12778240273
6673.0,277125.36712396576,82781.19455420104
6674.0,277099.2280168223,82377.19197129663
6675.0,277073.0697015805,82053.17712394152
6676.0,277046.8921988832,81797.64104772244
6677.0,277020.69552936027,81599.26807694045
6678.0,276994.47971363144,81447.48828981769
6679.0,276968.2447723028,81332.83309355912
6680.0,276941.9907259691,81247.11948108219
6681.0,276915.7175952132,81183.49709193203
6682.0,276889.4254006061,81136.39482655886
6683.0,276863.1141627064,81101.40181545774
6684.0,276836.7839020616,81075.11262247556
6685.0,276810.4346392058,81054.96015065596
6686.0,276784.0663946626,81039.05302600593
6687.0,276757.67918894294,81026.02810919586
6688.0,276731.2730425455,81014.92372117568
6689.0,276704.84797595814,81005.07535746193
6690.0,276678.40400965547,80996.03307663098
6691.0,276651.94116410107,80987.4982125017
6692.0,276625.4594597455,80979.27634335424
6693.0,276598.958917029,80971.24331310019
6694.0,276572.43955637835,80963.32132275225
6695.0,276545.90139820916,80955.46252416584
6696.0,276519.34446292487,80947.63802854634
6697.0,276492.7687709166,80939.83071053735
6698.0,276466.17434256466,80932.03060116996
6699.0,276439.5611982363,80924.23200155386
6700.0,276412.9293582871,80916.43171244508
6701.0,276386.27884306095,80908.62797050863
6702.0,276359.6096728893,80900.8198220169
6703.0,276332.9218680924,80893.00676137452
6704.0,276306.21544897824,80885.18852654018
6705.0,276279.49043584225,80877.36498546325
6706.0,276252.7468489692,80869.5360742358
6707.0,276225.98470863013,80861.70176403731
6708.0,276199.20403508644,80853.86204379724
6709.0,276172.4048485856,80846.01691126537
6710.0,276145.58716936404,80838.1663684984
6711.0,276118.7510176462,80830.3104196183
6712.0,276091.8964136443,80822.44906971959
6713.0,276065.02337755915,80814.58232434587
6714.0,276038.13192957925,80806.71018924362
6715.0,276011.2220898808,80798.83267024791
6716.0,275984.2938786294,80790.94977323155
6717.0,275957.34731597704,80783.061504081
6718.0,275930.3824220654,80775.16786868709
6719.0,275903.39921702346,80767.26887294007
6720.0,275876.3977209692,80759.36452272804
6721.0,275849.37795401114,80751.4548239364
6722.0,275822.33993624855,80743.53978244675
6723.0,275795.2836877804,80735.61940413776
6724.0,275768.2092287186,80727.6936948844
6725.0,275741.11657922354,80719.76266055832
6726.0,275714.0057595844,80711.82630702747
6727.0,275686.87679040595,80703.88464015657
6728.0,275659.72969302087,80695.93766580663
6729.0,275632.56449040346,80687.98538983527
6730.0,275605.38120914204,80680.02781809664
6731.0,275578.1798836316,80672.06495644145
6732.0,275550.96056482376,80664.09681071671
6733.0,275523.72333817056,80656.12338676622
6734.0,275496.468359753,80648.14469043023
6735.0,275469.1959277249,80640.16072754533
6736.0,275441.90662102186,80632.17150394474
6737.0,275414.60156373086,80624.17702545825
6738.0,275387.2829196442,80616.17729791219
6739.0,275359.95480011794,80608.1723271292
6740.0,275332.62489913247,80600.16211892868
6741.0,275305.30738163483,80592.1466791264
6742.0,275278.0278867106,80584.12601353473
6743.0,275250.8320230511,80576.1001279625
6744.0,275223.79950476706,80568.06902821506
6745.0,275197.067190755,80560.03272009433
6746.0,275170.8658496766,80551.9912093988
6747.0,275145.57756864233,80543.94450192327
6748.0,275121.8234179798,80535.89260345922
6749.0,275100.5942640265,80527.8355197948
6750.0,275083.4413416688,80519.77325671435
6751.0,275072.747009084,80511.70581999898
6752.0,275072.0993769717,80503.63321542615
6753.0,275086.79625075875,80495.55544877009
6754.0,275124.5026796293,80487.47252580122
6755.0,275196.0806546396,80479.38445228689
6756.0,275316.59721636627,80471.29123399052
6757.0,275506.4965732925,80463.19287667244
6758.0,275792.8914654808,80455.08938608933
6759.0,276210.88870757207,80446.98076799439
6760.0,276804.81515635276,80438.86702813732
6761.0,277629.157221849,80430.74817226452
6762.0,278748.976255581,80422.62420611887
6763.0,280239.5233128301,80414.49513543949
6764.0,282184.76170732296,80406.36096596252
6765.0,284674.5270692817,80398.22170342015
6766.0,287800.12351275905,80390.0773535414
6767.0,291648.27807810396,80381.92792205175
6768.0,296293.55375135323,80373.77341467317
6769.0,301789.5442717935,80365.61383712421
6770.0,308159.4207048252,80357.44919512008
6771.0,315386.63881978445,80349.27949437205
6772.0,323406.80830403004,80341.10474058855
6773.0,332101.8278573033,80332.924939474
6774.0,341297.36700142344,80324.7400967299
6775.0,350764.6014887384,80316.5502180537
6776.0,360226.7800477577,80308.35530913985
6777.0,369370.73637309606,80300.15537567911
6778.0,377862.90809128,80291.95042335878
6779.0,385368.8520308441,80283.74045786283
6780.0,391574.73343158286,80275.52548487156
6781.0,396208.8968102085,80267.30551006205
6782.0,399061.46498731617,80259.08053910773
6783.0,400000.0,80250.8505776786
6784.0,398979.59873454954,80242.61563144132
6785.0,396046.3514097703,80234.375706059
6786.0,391333.7919039034,80226.13080719126
6787.0,385052.7206889454,80217.88094049437
6788.0,377475.4806633019,80209.62611162095
6789.0,368916.31902143057,80201.36632622045
6790.0,359709.8042487067,80193.10158993854
6791.0,350189.3511790224,80184.83190841765
6792.0,340667.7427706635,80176.55728729679
6793.0,331421.16499677923,80168.27773221125
6794.0,322677.7582156869,80159.99324879324
6795.0,314611.1157398674,80151.7038426711
6796.0,307338.6089055861,80143.40951947021
6797.0,300923.95563650544,80135.1102848119
6798.0,295383.1223122659,80126.80614431463
6799.0,290692.476860314,80118.497103593
6800.0,286798.08963312104,80110.18316825836
6801.0,283625.1830742014,80101.86434391855
6802.0,281086.92405919434,80093.54063617799
6803.0,279091.992204608,80085.21205063749
6804.0,277550.60407259874,80076.87859289485
6805.0,276378.8956324169,80068.5402685438
6806.0,275501.7427985101,80060.19708317505
6807.0,274854.22268918686,80051.84904237595
6808.0,274381.98646148655,80043.49615172984
6809.0,274040.835314262,80035.13841681741
6810.0,273795.77577903226,80026.77584321506
6811.0,273619.7913516754,80018.4084364966
6812.0,273492.51664551464,80010.03620223157
6813.0,273398.947140888,80001.65914598676
6814.0,273328.2690078802,79993.27727332503
6815.0,273272.8533034485,79984.89058980605
6816.0,273227.4286095752,79976.49910098598
6817.0,273188.4256401646,79968.10281241764
6818.0,273153.4751608906,79959.70172965017
6819.0,273121.0348873427,79951.29585822963
6820.0,273090.1199305943,79942.88520369807
6821.0,273060.11313354375,79934.46977159477
6822.0,273030.6349238405,79926.04956745522
6823.0,273001.4561221533,79917.62459681138
6824.0,272972.440860255,79909.19486519211
6825.0,272943.5100358564,79900.76037812243
6826.0,272914.61841742776,79892.32114112438
6827.0,272885.7406007012,79883.87715971608
6828.0,272856.8625709568,79875.42843941262
6829.0,272827.97673517064,79866.97498572533
6830.0,272799.0790548073,79858.51680416243
6831.0,272770.16742313956,79850.05390022845
6832.0,272741.2407644896,79841.58627942471
6833.0,272712.2985436646,79833.11394724886
6834.0,272683.3405037864,79824.6369091953
6835.0,272654.3665287675,79816.15517075484
6836.0,272625.3765724981,79807.66873741512
6837.0,272596.37062303984,79799.1776146601
6838.0,272567.34868485155,79790.68180797042
6839.0,272538.3107701219,79782.18132282345
6840.0,272509.25689461484,79773.67616469262
6841.0,272480.1870757213,79765.16633904859
6842.0,272451.10133155144,79756.65185135812
6843.0,272421.99968052795,79748.1327070849
6844.0,272392.88214120053,79739.60891168883
6845.0,272363.7487321677,79731.08047062671
6846.0,272334.59947204025,79722.54738935163
6847.0,272305.4343794286,79714.00967331357
6848.0,272276.25347293494,79705.46732795885
6849.0,272247.05677115155,79696.9203587305
6850.0,272217.8442926597,79688.368771068
6851.0,272188.6160560295,79679.81257040758
6852.0,272159.3720798194,79671.25176218203
6853.0,272130.11238257546,79662.68635182048
6854.0,272100.83698283334,79654.116344749
6855.0,272071.54589911597,79645.54174638996
6856.0,272042.2391499357,79636.9625621626
6857.0,272012.9167537918,79628.3787974824
6858.0,271983.5787291732,79619.79045776167
6859.0,271954.2250945563,79611.19754840924
6860.0,271924.8558684066,79602.60007483061
6861.0,271895.47106917726,79593.99804242772
6862.0,271866.0707153102,79585.3914565992
6863.0,271836.6548252352,79576.78032274015
6864.0,271807.2234173712,79568.1646462425
6865.0,271777.7765101249,79559.54443249453
6866.0,271748.31412189134,79550.9196868812
6867.0,271718.8362710547,79542.29041478425
6868.0,271689.34297598654,79533.6566215817
6869.0,271659.8342550471,79525.0183126483
6870.0,271630.310126585,79516.37549335539
6871.0,271600.7706089381,79507.7281690711
6872.0,271571.2157204309,79499.07634515973
6873.0,271541.645479378,79490.42002698267
6874.0,271512.0599040809,79481.75921989742
6875.0,271482.459012831,79473.09392925858
6876.0,271452.84282390634,79464.42416041682
6877.0,271423.2113555753,79455.74991871996
6878.0,271393.5646260933,79447.07120951207
6879.0,271363.90265370434,79438.38803813381
6880.0,271334.22545664123,79429.70040992266
6881.0,271304.5330531247,79421.00833021247
6882.0,271274.8254613644,79412.31180433392
6883.0,271245.1026995579,79403.61083761412
6884.0,271215.3647858917,79394.90543537689
6885.0,271185.6117385403,79386.19560294265
6886.0,271155.8435756668,79377.48134562837
6887.0,271126.0603154222,79368.76266874757
6888.0,271096.26197594707,79360.03957761066
6889.0,271066.4485753691,79351.31207752429
6890.0,271036.62013180554,79342.58017379204
6891.0,271006.7766633612,79333.84387171392
6892.0,270976.9181881297,79325.10317658656
6893.0,270947.0447241934,79316.35809370334
6894.0,270917.156289622,79307.608628354
6895.0,270887.252902475,79298.85478582518
6896.0,270857.33458079956,79290.09657139998
6897.0,270827.40134263196,79281.33399035825
6898.0,270797.45320599544,79272.56704797613
6899.0,270767.4901889036,79263.79574952686
6900.0,270737.5123093568,79255.02010027984
6901.0,270707.51958534546,79246.24010550146
6902.0,270677.51203484676,79237.45577045441
6903.0,270647.48967582796,79228.66710039832
6904.0,270617.4525262436,79219.87410058918
6905.0,270587.4006040375,79211.0767762798
6906.0,270557.33392714075,79202.27513271933
6907.0,270527.25251347496,79193.46917515404
6908.0,270497.1563809478,79184.6589088262
6909.0,270467.0455474575,79175.84433897531
6910.0,270436.9200308893,79167.025470837
6911.0,270406.7798491177,79158.20230964386
6912.0,270376.6250200057,79149.37486062506
6913.0,270346.4555614043,79140.54312900621
6914.0,270316.2714911535,79131.70712000981
6915.0,270286.0728270815,79122.86683885475
6916.0,270255.8595870051,79114.02229075677
6917.0,270225.63178872934,79105.17348092803
6918.0,270195.38945004833,79096.32041457754
6919.0,270165.132588744,79087.46309691074
6920.0,270134.8612225875,79078.60153312988
6921.0,270104.5753693379,79069.73572843376
6922.0,270074.2750467432,79060.86568801785
6923.0,270043.9602725394,79051.99141707414
6924.0,270013.6310644519,79043.11292079154
6925.0,269983.28744019376,79034.23020435529
6926.0,269952.9294174666,79025.34327294739
6927.0,269922.5570139616,79016.45213174663
6928.0,269892.1702473572,79007.55678592819
6929.0,269861.7691353213,78998.65724066412
6930.0,269831.3536955094,78989.75350112286
6931.0,269800.92394556664,78980.8455724698
6932.0,269770.4799031258,78971.9334598667
6933.0,269740.0215858089,78963.01716847223
6934.0,269709.5490112258,78954.09670344138
6935.0,269679.06219697586,78945.17206992621
6936.0,269648.56116064556,78936.2432730749
6937.0,269618.0459198119,78927.3103180329
6938.0,269587.5164920384,78918.37320994175
6939.0,269556.9728948789,78909.4319539401
6940.0,269526.4151458742,78900.48655516277
6941.0,269495.84326255514,78891.53701874174
6942.0,269465.2572624405,78882.58334980538
6943.0,269434.657163037,78873.62555347856
6944.0,269404.04298184125,78864.66363488323
6945.0,269373.4147363375,78855.69759913764
6946.0,269342.7724439988,78846.72745135683
6947.0,269312.1161222867,78837.75319665245
6948.0,269281.44578865194,78828.77484013299
6949.0,269250.7614605327,78819.79238690325
6950.0,269220.06315535726,78810.80584206515
6951.0,269189.35089054116,78801.81521071687
6952.0,269158.6246834893,78792.82049795348
6953.0,269127.88455159485,78783.82170886658
6954.0,269097.13051224,78774.81884854463
6955.0,269066.3625827948,78765.81192207248
6956.0,269035.5807806187,78756.8009345319
6957.0,269004.78512305976,78747.78589100132
6958.0,268973.97562745376,78738.76679655552
6959.0,268943.15231112647,78729.74365626647
6960.0,268912.31519139034,78720.71647520215
6961.0,268881.46428554924,78711.68525842804
6962.0,268850.59961089253,78702.65001100537
6963.0,268819.7211847012,78693.61073799299
6964.0,268788.82902424224,78684.56744444558
6965.0,268757.9231467733,78675.52013541505
6966.0,268727.0035695395,78666.46881594972
6967.0,268696.0703097754,78657.41349109482
6968.0,268665.123384703,78648.35416589184
6969.0,268634.162811535,78639.2908453796
6970.0,268603.18860747025,78630.22353459286
6971.0,268572.2007896986,78621.15223856369
6972.0,268541.19937539706,78612.07696232048
6973.0,268510.1843817317,78602.99771088839
6974.0,268479.15582585736,78593.91448928925
6975.0,268448.11372491764,78584.82730254166
6976.0,268417.0580960452,78575.736155661
6977.0,268385.98895636,78566.64105365888
6978.0,268354.9063229721,78557.54200154412
6979.0,268323.8102129798,78548.43900432198
6980.0,268292.70064346987,78539.33206699442
6981.0,268261.57763151795,78530.22119456013
6982.0,268230.44119418855,78521.10639201448
6983.0,268199.29134853464,78511.98766434961
6984.0,268168.128111598,78502.86501655419
6985.0,268136.951500409,78493.7384536137
6986.0,268105.761531987,78484.60798051034
6987.0,268074.55822333985,78475.47360222292
6988.0,268043.34159146406,78466.335323727
6989.0,268012.11165334505,78457.19314999483
6990.0,267980.868425957,78448.04708599533
6991.0,267949.61192626273,78438.89713669426
6992.0,267918.3421712136,78429.74330705384
6993.0,267887.0591777501,78420.58560203321
6994.0,267855.76296280074,78411.42402658799
6995.0,267824.4535432843,78402.25858567092
6996.0,267793.1309361063,78393.08928423091
6997.0,267761.7951581624,78383.91612721393
6998.0,267730.4462263369,78374.73911956263
6999.0,267699.08415750245,78365.55826621632
